0,42.16243,1.29117,32.3081425301205,34.5610253012048
0.002,42.16445,1.29924,32.2885542168675,34.5777108433735
0.004,42.14702,1.31002,32.2885542168675,34.5777108433735
0.006,42.16648,1.28571,32.2885542168675,34.5771084337349
0.008,42.12847,1.33763,32.2885542168675,34.5771084337349
0.01,42.13325,1.3475,32.2885542168675,34.5765060240964
0.012,42.12679,1.35681,32.2885542168675,34.5765060240964
0.014,42.17099,1.30686,32.2879518072289,34.5765060240964
0.016,42.13125,1.3544,32.2873493975904,34.5759036144578
0.018,42.17177,1.31825,32.2873493975904,34.5753012048193
0.02,42.12924,1.34473,32.2867469879518,34.5753012048193
0.022,42.16809,1.3126,32.2867469879518,34.5746987951807
0.024,42.12888,1.34009,32.2861445783133,34.5746987951807
0.026,42.16404,1.32068,32.2861445783133,34.5746987951807
0.028,42.13317,1.339,32.2849397590361,34.5740963855422
0.03,42.17649,1.30356,32.2849397590361,34.5734939759036
0.032,42.12533,1.35072,32.2849397590361,34.5728915662651
0.034,42.17515,1.30957,32.283734939759,34.5722891566265
0.036,42.13471,1.34492,32.2831325301205,34.5722891566265
0.038,42.18293,1.30107,32.2825301204819,34.571686746988
0.04,42.13388,1.3554,32.2825301204819,34.5704819277108
0.042,42.18624,1.2997,32.2819277108434,34.5704819277108
0.044,42.13307,1.35475,32.2801204819277,34.5698795180723
0.046,42.13405,1.35168,32.2801204819277,34.5692771084337
0.048,42.19519,1.29392,32.2789156626506,34.5686746987952
0.05,42.15358,1.34103,32.2789156626506,34.5680722891566
0.052,42.19533,1.30005,32.2777108433735,34.5680722891566
0.054,42.16565,1.32998,32.2765060240964,34.5674698795181
0.056,42.21095,1.33631,32.2759036144578,34.5674698795181
0.058,42.15634,1.33581,32.2759036144578,34.5668674698795
0.06,42.19755,1.35387,32.2753012048193,34.566265060241
0.062,42.20245,1.34859,32.2734939759036,34.566265060241
0.064,42.19794,1.35272,32.2734939759036,34.5656626506024
0.066,42.21071,1.33133,32.2728915662651,34.5656626506024
0.068,42.21037,1.33597,32.2722891566265,34.5650602409639
0.07,42.20858,1.33732,32.2710843373494,34.5650602409639
0.072,42.21117,1.33767,32.2698795180723,34.5650602409639
0.074,42.21336,1.34568,32.2698795180723,34.5650602409639
0.076,42.22098,1.3297,32.2692771084337,34.5638554216867
0.078,42.21501,1.33949,32.2680722891566,34.5644578313253
0.08,42.22057,1.33499,32.2668674698795,34.5644578313253
0.082,42.23045,1.32779,32.2674698795181,34.5632530120482
0.084,42.2183,1.33346,32.2668674698795,34.5632530120482
0.086,42.23473,1.31719,32.2650602409639,34.5638554216867
0.088,42.23985,1.31172,32.2650602409639,34.5626506024096
0.09,42.20098,1.28492,32.2644578313253,34.5626506024096
0.092,42.19295,1.35129,32.2620481927711,34.5626506024096
0.094,42.23971,1.30445,32.2614457831325,34.5632530120482
0.096,42.18824,1.34337,32.260843373494,34.5626506024096
0.098,42.18696,1.30413,32.260843373494,34.5614457831325
0.1,42.19511,1.3046,32.2602409638554,34.5614457831325
0.102,42.20433,1.28044,32.2578313253012,34.5614457831325
0.104,42.18188,1.34701,32.2301204819277,34.5686746987952
0.106,42.19594,1.29912,32.2295180722892,34.5686746987952
0.108,42.19569,1.283,32.2295180722892,34.5680722891566
0.11,42.19328,1.32503,32.2289156626506,34.5674698795181
0.112,42.2013,1.28384,32.228313253012,34.5674698795181
0.114,42.18196,1.353,32.228313253012,34.566265060241
0.116,42.18894,1.29914,32.228313253012,34.566265060241
0.118,42.18179,1.29799,32.2277108433735,34.5656626506024
0.12,42.20279,1.28831,32.2271084337349,34.5656626506024
0.122,42.20498,1.27087,32.2271084337349,34.5650602409639
0.124,42.17252,1.34587,32.2271084337349,34.5644578313253
0.126,42.19067,1.29364,32.2265060240964,34.5644578313253
0.128,42.18522,1.28496,32.2259036144578,34.5650602409639
0.13,42.20011,1.27742,32.2259036144578,34.5638554216867
0.132,42.21584,1.26195,32.2259036144578,34.5638554216867
0.134,42.17963,1.33802,32.2259036144578,34.5638554216867
0.136,42.17802,1.29801,32.2253012048193,34.5644578313253
0.138,42.18688,1.289,32.2253012048193,34.5632530120482
0.14,42.20494,1.27238,32.2259036144578,34.5638554216867
0.142,42.20597,1.27024,32.2259036144578,34.5638554216867
0.144,42.17909,1.32803,32.2253012048193,34.5644578313253
0.146,42.19777,1.28709,32.2253012048193,34.5638554216867
0.148,42.20696,1.27379,32.2259036144578,34.5638554216867
0.15,42.17724,1.34495,32.2259036144578,34.5638554216867
0.152,42.189,1.29109,32.2253012048193,34.5650602409639
0.154,42.20377,1.28646,32.2259036144578,34.5650602409639
0.156,42.21317,1.26122,32.2265060240964,34.5644578313253
0.158,42.2011,1.30119,32.2265060240964,34.5638554216867
0.16,42.20358,1.29199,32.2265060240964,34.5650602409639
0.162,42.20425,1.30751,32.2265060240964,34.5644578313253
0.164,42.20104,1.30432,32.2265060240964,34.5650602409639
0.166,42.20991,1.28855,32.2265060240964,34.5650602409639
0.168,42.20751,1.29861,32.2271084337349,34.5650602409639
0.17,42.22601,1.28878,32.2271084337349,34.5650602409639
0.172,42.20066,1.29795,32.2277108433735,34.5650602409639
0.174,42.21,1.29508,32.2277108433735,34.5650602409639
0.176,42.21114,1.28398,32.2277108433735,34.5650602409639
0.178,42.22122,1.27998,32.2277108433735,34.5650602409639
0.18,42.22033,1.2778,32.2277108433735,34.5656626506024
0.182,42.22974,1.27495,32.228313253012,34.5644578313253
0.184,42.20851,1.29762,32.228313253012,34.5650602409639
0.186,42.2166,1.28301,32.2289156626506,34.5656626506024
0.188,42.2258,1.26896,32.2301204819277,34.5656626506024
0.19,42.21104,1.27252,32.2331325301205,34.5668674698795
0.192,42.2273,1.26517,32.2385542168675,34.5680722891566
0.194,42.21215,1.2885,32.2506024096386,34.5692771084337
0.196,42.23098,1.25926,32.2963855421687,34.566265060241
0.198,42.24202,1.24194,32.3548192771084,34.5650602409639
0.2,42.24527,1.23832,32.4265060240964,34.5704819277108
0.202,42.19046,1.28686,32.55,34.5722891566265
0.204,42.22524,1.2549,32.7222891566265,34.5759036144578
0.206,42.19124,1.28092,32.9415662650602,34.5801204819277
0.208,42.18069,1.25397,33.2253012048193,34.5801204819277
0.21,42.18,1.25431,33.5168674698795,34.5807228915663
0.212,42.19092,1.24208,33.8180722891566,34.5765060240964
0.214,42.19423,1.21994,34.1120481927711,34.5686746987952
0.216,42.21084,1.20536,34.4072289156626,34.5512048192771
0.218,42.19183,1.25865,34.7,34.5144578313253
0.22,42.18571,1.26095,34.9933734939759,34.4668674698795
0.222,42.18762,1.25385,35.283734939759,34.4198795180723
0.224,42.1906,1.23531,35.5409638554217,34.3981927710843
0.226,42.19315,1.23554,35.7728915662651,34.3831325301205
0.228,42.2219,1.20416,36.0210843373494,34.3397590361446
0.23,42.23726,1.19521,36.2686746987952,34.2981927710843
0.232,42.20137,1.21688,36.5090361445783,34.2740963855422
0.234,42.20575,1.21596,36.7584337349398,34.2295180722892
0.236,42.22052,1.21922,36.9981927710843,34.2072289156626
0.238,42.24512,1.18676,37.2463855421687,34.1626506024096
0.24,42.25618,1.21022,37.4903614457831,34.1186746987952
0.242,42.27449,1.19444,37.7361445783132,34.094578313253
0.244,42.30361,1.16121,37.9951807228916,34.0451807228916
0.246,42.30986,1.19143,38.2692771084337,33.9915662650602
0.248,42.34307,1.14611,38.5578313253012,33.9307228915663
0.25,42.3253,1.15634,38.8515136144578,33.904313253012
0.252,42.34367,1.14246,39.1427710843373,33.8530120481928
0.254,42.37421,1.14808,39.4168674698795,33.7915662650602
0.256,42.42799,1.10812,39.5732215662651,33.7828451204819
0.258,42.43413,1.13834,39.7753012048193,33.7710843373494
0.26,42.48783,1.07573,40.0114457831325,33.7301204819277
0.262,42.49524,1.10135,40.25,33.6746987951807
0.264,42.51902,1.07831,40.4849397590361,33.6186746987952
0.266,42.56845,1.05715,40.7186746987952,33.5578313253012
0.268,42.62466,1.04164,40.9433734939759,33.5
0.27,42.61793,1.04464,41.1319277108434,33.4602409638554
0.272,42.66579,0.98084,41.3120481927711,33.4271084337349
0.274,42.72547,1.00707,41.494578313253,33.3813253012048
0.276,42.79683,0.98623,41.671686746988,33.3343373493976
0.278,42.79757,0.97429,41.8180448795181,33.3085365662651
0.28,42.85545,0.94957,41.9771084337349,33.2638554216867
0.282,42.86511,0.91365,42.105421686747,33.2403614457831
0.284,42.9318,0.89161,42.2313253012048,33.2114457831325
0.286,42.99945,0.84877,42.3487951807229,33.1897590361446
0.288,43.01114,0.82891,42.4644578313253,33.1650602409639
0.29,43.08167,0.8336,42.5765060240964,33.1325301204819
0.292,43.09366,0.81073,42.6831325301205,33.094578313253
0.294,43.17182,0.76557,42.7632530120482,33.0843373493976
0.296,43.24803,0.72141,42.8295180722892,33.0728915662651
0.298,43.26529,0.71504,42.8957831325301,33.0656626506024
0.3,43.29607,0.66072,42.9578313253012,33.0536144578313
0.302,43.37183,0.6161,43.0192771084337,33.0403614457831
0.304,43.42598,0.60146,43.0819277108434,33.0168674698795
0.306,43.46776,0.56983,43.1367469879518,33.0030120481928
0.308,43.4764,0.53999,43.1933734939759,32.989156626506
0.31,43.55462,0.48864,43.2530120481928,32.9590361445783
0.312,43.64474,0.49811,43.3018072289157,32.9433734939759
0.314,43.70766,0.49245,43.3548192771084,32.9246987951807
0.316,43.79426,0.47057,43.4102409638554,32.8963855421687
0.318,43.88837,0.46011,43.4463855421687,32.8885542168675
0.32,43.88837,0.46011,43.478313253012,32.8777108433735
0.322,43.95111,0.41828,43.4957831325301,32.8759036144578
0.324,43.98248,0.38691,43.5156626506024,32.8740963855422
0.326,44.05568,0.34508,43.5686746987952,32.8536144578313
0.328,44.12888,0.34508,43.6228915662651,32.8265060240964
0.33,44.1498,0.32417,43.6734939759036,32.8072289156626
0.332,44.18117,0.33463,43.7319277108434,32.7765060240964
0.334,44.21254,0.32417,43.7855421686747,32.7620481927711
0.336,44.24391,0.33463,43.839156626506,32.7415662650602
0.338,44.26482,0.30326,43.8951807228916,32.7144578313253
0.34,44.30665,0.2928,43.9457831325301,32.7030120481928
0.342,44.30665,0.2928,43.9734939759036,32.7036144578313
0.344,44.30665,0.2928,44.0277108433735,32.6879518072289
0.346,44.37985,0.26143,44.0903614457831,32.6602409638554
0.348,44.42168,0.27188,44.1457831325301,32.65
0.35,44.40077,0.27188,44.1981927710843,32.639156626506
0.352,44.40077,0.27188,44.2524096385542,32.6295180722892
0.354,44.40077,0.27188,44.2819277108434,32.6289156626506
0.356,44.44259,0.27188,44.3331325301205,32.6259036144578
0.358,44.44259,0.27188,44.3909638554217,32.6126506024096
0.36,44.46351,0.26143,44.4512048192771,32.5939759036144
0.362,44.48442,0.23006,44.5030120481928,32.5855421686747
0.364,44.50534,0.26143,44.5572289156626,32.5789156626506
0.366,44.53671,0.30326,44.605421686747,32.5753012048193
0.368,44.48442,0.366,44.6343373493976,32.5789156626506
0.37,44.51579,0.35554,44.6578313253012,32.589156626506
0.372,44.49488,0.35554,44.7120481927711,32.5813253012048
0.374,44.49488,0.35554,44.7680722891566,32.5740963855422
0.376,44.54717,0.41828,44.8271084337349,32.5656626506024
0.378,44.53671,0.40783,44.8915662650602,32.5397590361446
0.38,44.53671,0.40783,44.9481927710843,32.5325301204819
0.382,44.53671,0.40783,45.0060240963855,32.5246987951807
0.384,44.53671,0.4392,45.0632530120482,32.5114457831325
0.386,44.53671,0.4392,45.1313253012048,32.4879518072289
0.388,44.50534,0.48103,45.1879518072289,32.4728915662651
0.39,44.44259,0.52285,45.2433734939759,32.460843373494
0.392,44.44259,0.54377,45.3012048192771,32.4469879518072
0.394,44.46351,0.54377,45.3638554216867,32.4150602409639
0.396,44.48442,0.56468,45.4156626506024,32.4
0.398,44.48442,0.56468,45.4710843373494,32.3795180722892
0.4,44.48442,0.56468,45.5301204819277,32.35
0.402,44.48442,0.56468,45.5698795180723,32.3367469879518
0.404,44.46351,0.61697,45.5981927710843,32.3277108433735
0.406,44.47397,0.64834,45.6216867469879,32.3120481927711
0.408,44.46351,0.64834,45.6704819277108,32.2915662650602
0.41,44.44259,0.62742,45.7198795180723,32.271686746988
0.412,44.44259,0.62742,45.7740963855422,32.2349397590361
0.414,44.42168,0.64834,45.8090361445783,32.2204819277108
0.416,44.36939,0.67971,45.833734939759,32.2072289156626
0.418,44.35894,0.66925,45.8548192771084,32.1885542168675
0.42,44.35894,0.66925,45.8975903614458,32.166265060241
0.422,44.35894,0.66925,45.933734939759,32.1481927710843
0.424,44.35894,0.66925,45.960843373494,32.1234939759036
0.426,44.35894,0.66925,45.9734939759036,32.1186746987952
0.428,44.2962,0.66925,45.9855421686747,32.1120481927711
0.43,44.32757,0.67971,46.0240963855422,32.0909638554217
0.432,44.31711,0.72154,46.0698795180723,32.0518072289157
0.434,44.31711,0.72154,46.0813253012048,32.039156626506
0.436,44.31711,0.732,46.0843373493976,32.0415662650602
0.438,44.31711,0.732,46.0885542168675,32.0361445783132
0.44,44.31711,0.732,46.0927710843373,32.0313253012048
0.442,44.31711,0.732,46.0969879518072,32.0234939759036
0.444,44.31711,0.732,46.1096385542169,32
0.446,44.31711,0.732,46.1373493975904,31.9807228915663
0.448,44.31711,0.732,46.1373493975904,31.9746987951807
0.45,44.31711,0.732,46.1367469879518,31.9686746987952
0.452,44.33802,0.732,46.1373493975904,31.9602409638554
0.454,44.33802,0.732,46.1409638554217,31.9409638554217
0.456,44.28574,0.71108,46.139156626506,31.9361445783133
0.458,44.26482,0.71108,46.1355421686747,31.9313253012048
0.46,44.26482,0.71108,46.1301204819277,31.9271084337349
0.462,44.26482,0.71108,46.1228915662651,31.9246987951807
0.464,44.26482,0.71108,46.1150602409638,31.9228915662651
0.466,44.20208,0.69017,46.0879518072289,31.9301204819277
0.468,44.20208,0.67971,46.0813253012048,31.9271084337349
0.47,44.20208,0.62742,46.0734939759036,31.9234939759036
0.472,44.20208,0.62742,46.0626506024096,31.9210843373494
0.474,44.18117,0.62742,46.0277108433735,31.9313253012048
0.476,44.10797,0.62742,46.0180722891566,31.9295180722892
0.478,44.10797,0.62742,46.0048192771084,31.9289156626506
0.48,44.10797,0.62742,45.9680722891566,31.9415662650602
0.482,44.10797,0.62742,45.9572289156626,31.939156626506
0.484,44.10797,0.62742,45.9415662650602,31.9379518072289
0.486,44.10797,0.62742,45.9006024096386,31.9548192771084
0.488,44.0766,0.62742,45.8493975903614,31.9849397590361
0.49,44.0766,0.62742,45.8096385542169,31.9957831325301
0.492,44.0766,0.62742,45.7921686746988,31.9981927710843
0.494,44.0766,0.62742,45.7789156626506,31.9975903614458
0.496,44.0766,0.62742,45.7590361445783,31.9987951807229
0.498,44.0766,0.62742,45.7144578313253,32.0144578313253
0.5,44.05568,0.60651,45.660843373494,32.044578313253
0.502,44.0034,0.54377,45.6150602409639,32.0602409638554
0.504,43.90928,0.55423,45.5602409638554,32.0933734939759
0.506,43.90928,0.55423,45.5210843373494,32.1048192771084
0.508,43.90928,0.55423,45.4951807228916,32.1090361445783
0.51,43.90928,0.55423,45.4759036144578,32.1072289156627
0.512,43.90928,0.55423,45.4536144578313,32.1090361445783
0.514,43.90928,0.55423,45.4114457831325,32.1228915662651
0.516,43.91974,0.55423,45.3578313253012,32.1457831325301
0.518,43.91974,0.55423,45.3018072289157,32.1704819277108
0.52,43.91974,0.55423,45.2512048192771,32.1873493975904
0.522,43.89883,0.54377,45.1909638554217,32.2216867469879
0.524,43.81517,0.53331,45.1433734939759,32.2355421686747
0.526,43.82563,0.56468,45.1198795180723,32.233734939759
0.528,43.82563,0.56468,45.0933734939759,32.233734939759
0.53,43.80754,0.60092,45.0463855421687,32.2487951807229
0.532,43.8423,0.58223,44.9831325301205,32.2825301204819
0.534,43.7787,0.58684,44.9325301204819,32.294578313253
0.536,43.7456,0.60798,44.8789156626506,32.3114457831325
0.538,43.78446,0.57643,44.8174698795181,32.3451807228916
0.54,43.77777,0.58972,44.7632530120482,32.3578313253012
0.542,43.77314,0.59314,44.7048192771084,32.3777108433735
0.544,43.75955,0.60744,44.644578313253,32.4084337349398
0.546,43.74023,0.62968,44.5903614457831,32.4204819277108
0.548,43.73384,0.61471,44.5325301204819,32.4415662650602
0.55,43.69681,0.65786,44.4716867469879,32.4680722891566
0.552,43.72279,0.64137,44.4192771084337,32.4825301204819
0.554,43.66143,0.64627,44.3572289156627,32.5036144578313
0.556,43.69371,0.66969,44.2963855421687,32.5295180722892
0.558,43.67798,0.70018,44.2451807228916,32.5421686746988
0.56,43.67471,0.67069,44.2174698795181,32.5421686746988
0.562,43.62711,0.71441,44.1584337349398,32.5584337349398
0.564,43.60799,0.69624,44.0957831325301,32.589156626506
0.566,43.58868,0.71586,44.0379518072289,32.6036144578313
0.568,43.6182,0.68966,43.9716867469879,32.633734939759
0.57,43.5995,0.69792,43.9156626506024,32.65
0.572,43.58575,0.70412,43.8578313253012,32.6650602409639
0.574,43.57475,0.72068,43.7915662650602,32.694578313253
0.576,43.56231,0.75536,43.7343373493976,32.7114457831325
0.578,43.5582,0.70823,43.6765060240964,32.7246987951807
0.58,43.53769,0.71894,43.6144578313253,32.744578313253
0.582,43.50232,0.76824,43.5518072289157,32.7710843373494
0.584,43.50272,0.72645,43.4939759036145,32.7855421686747
0.586,43.48048,0.74851,43.4277108433735,32.8144578313253
0.588,43.44716,0.78434,43.3716867469879,32.8301204819277
0.59,43.48786,0.75635,43.3114457831325,32.8427710843374
0.592,43.47945,0.76525,43.2530120481928,32.8578313253012
0.594,43.4601,0.78239,43.1867469879518,32.8873493975904
0.596,43.43657,0.77008,43.1277108433735,32.9
0.598,43.42712,0.77362,43.0686746987952,32.9132530120482
0.6,43.40877,0.80257,43.0024096385542,32.9439759036145
0.602,43.38701,0.82966,42.9427710843373,32.955421686747
0.604,43.39358,0.77335,42.8855421686747,32.9674698795181
0.606,43.37189,0.80985,42.8016092168675,32.9883774096386
0.608,43.32767,0.84743,42.7463855421687,33.0349397590361
0.61,43.35755,0.83499,42.7048192771084,33.0506024096386
0.612,43.33942,0.85944,42.6451807228916,33.0644578313253
0.614,43.31943,0.87849,42.5843373493976,33.0746987951807
0.616,43.30908,0.84133,42.5253012048193,33.089156626506
0.618,43.27711,0.88501,42.4566265060241,33.1180722891566
0.62,43.27822,0.83525,42.3951807228916,33.1295180722892
0.622,43.26367,0.8485,42.3379518072289,33.1403614457831
0.624,43.22982,0.89504,42.2765060240964,33.1518072289157
0.626,43.21007,0.90458,42.2066265060241,33.1825301204819
0.628,43.2301,0.90179,42.1457831325301,33.1927710843373
0.63,43.21365,0.91705,42.0867469879518,33.2036144578313
0.632,43.20924,0.88234,42.0246987951807,33.2174698795181
0.634,43.20645,0.88092,41.9487951807229,33.2493975903614
0.636,43.19248,0.8918,41.866265060241,33.2716867469879
0.638,43.16865,0.91967,41.7987951807229,33.2987951807229
0.64,43.14825,0.94869,41.739156626506,33.3096385542169
0.642,43.14344,0.96007,41.6807228915663,33.3204819277108
0.644,43.10628,0.95836,41.6192771084337,33.3313253012048
0.646,43.12606,0.94398,41.5572289156626,33.3481927710843
0.648,43.11764,0.95688,41.4927710843373,33.3710843373494
0.65,43.10042,0.97853,41.433734939759,33.3807228915663
0.652,43.08885,1.00574,41.3746987951807,33.3933734939759
0.654,43.08259,0.9544,41.3048192771084,33.4210843373494
0.656,43.051,0.99174,41.2469879518072,33.4319277108434
0.658,43.02613,1.00868,41.1885542168675,33.4421686746988
0.66,42.9872,1.0092,41.1295180722892,33.4536144578313
0.662,43.01396,1.00572,41.0614457831325,33.483734939759
0.664,42.96017,0.98696,41.0042168674699,33.4927710843373
0.666,42.931,1.0218,40.9469879518072,33.5024096385542
0.668,42.96174,0.99619,40.8897590361446,33.5132530120482
0.67,42.89184,1.00028,40.828313253012,33.5277108433735
0.672,42.86374,1.02616,40.7644578313253,33.5518072289157
0.674,42.8995,0.9919,40.7078313253012,33.560843373494
0.676,42.89607,0.99619,40.6493975903614,33.5710843373494
0.678,42.89495,0.99388,40.589156626506,33.5867469879518
0.68,42.82485,1.01028,40.5246987951807,33.6096385542169
0.682,42.84582,0.99719,40.4674698795181,33.6180722891566
0.684,42.83619,0.99522,40.4114457831325,33.6271084337349
0.686,42.82248,1.01142,40.3518072289157,33.6379518072289
0.688,42.80126,1.03136,40.2861445783132,33.6650602409639
0.69,42.79068,1.05876,40.2289156626506,33.6728915662651
0.692,42.79986,1.01134,40.171686746988,33.6813253012048
0.694,42.79023,1.01986,40.1138554216867,33.6927710843373
0.696,42.75716,1.05008,40.0542168674699,33.7030120481928
0.698,42.74466,1.01501,39.9897590361446,33.7289156626506
0.7,42.74133,1.01435,39.9319277108434,33.7361445783133
0.702,42.73042,1.0339,39.8734939759036,33.7433734939759
0.704,42.70347,1.06891,39.816265060241,33.7530120481928
0.706,42.6758,1.08787,39.7566265060241,33.7632530120482
0.708,42.7119,1.06282,39.6933734939759,33.7867469879518
0.71,42.71225,1.05604,39.6355421686747,33.7951807228916
0.712,42.65887,1.06651,39.5771084337349,33.8024096385542
0.714,42.6192,1.09181,39.5192771084337,33.8102409638554
0.716,42.65946,1.05358,39.4602409638554,33.8210843373494
0.718,42.65556,1.05477,39.3951807228916,33.844578313253
0.72,42.60081,1.04835,39.3379518072289,33.8536144578313
0.722,42.58443,1.06992,39.2807228915663,33.8584337349398
0.724,42.56429,1.08384,39.2228915662651,33.866265060241
0.726,42.60895,1.05164,39.1650602409639,33.8746987951807
0.728,42.60939,1.0453,39.1072289156626,33.883734939759
0.73,42.59521,1.05725,39.044578313253,33.9066265060241
0.732,42.54066,1.0565,38.9879518072289,33.9132530120482
0.734,42.51716,1.07985,38.9325301204819,33.9192771084337
0.736,42.5517,1.04726,38.8753012048193,33.9259036144578
0.738,42.54524,1.04694,38.8240963855422,33.9301204819277
0.74,42.49856,1.04034,38.7981927710843,33.9259036144578
0.742,42.54184,1.05186,38.7807228915663,33.9174698795181
0.744,42.49429,1.04072,38.7246987951807,33.9234939759036
0.746,42.47338,1.07182,38.6680722891566,33.9331325301205
0.748,42.50262,1.10036,38.6114457831325,33.9397590361446
0.75,42.4961,1.10414,38.5493975903614,33.9650602409639
0.752,42.48907,1.12236,38.4939759036145,33.9728915662651
0.754,42.50123,1.05127,38.4373493975904,33.9795180722892
0.756,42.50563,1.09337,38.3819277108434,33.9873493975904
0.758,42.49554,1.05842,38.3271084337349,33.994578313253
0.76,42.51544,1.08964,38.2710843373494,34.0018072289157
0.762,42.51057,1.09093,38.2096385542169,34.0271084337349
0.764,42.50512,1.11008,38.1566265060241,34.0325301204819
0.766,42.50296,1.10433,38.1090361445783,34.0355421686747
0.768,42.50282,1.11568,38.0807228915663,34.033734939759
0.77,42.4928,1.07001,38.0650602409639,34.0259036144578
0.772,42.47486,1.08151,38.0493975903614,34.0156626506024
0.774,42.4669,1.07792,37.994578313253,34.0222891566265
0.776,42.46341,1.10813,37.939156626506,34.0301204819277
0.778,42.46671,1.08488,37.8849397590361,34.0373493975904
0.78,42.45356,1.10722,37.8295180722892,34.0433734939759
0.782,42.44784,1.09434,37.7740963855422,34.0542168674699
0.784,42.44995,1.10456,37.7174698795181,34.0632530120482
0.786,42.44678,1.0966,37.6560240963855,34.0879518072289
0.788,42.46191,1.08389,37.6030120481928,34.094578313253
0.79,42.44593,1.09455,37.5506024096386,34.1
0.792,42.4491,1.09177,37.5028251807229,34.0626980120482
0.794,42.449,1.09136,37.4765060240964,34.0439759036145
0.796,42.46328,1.08651,37.4614457831325,34.0367469879518
0.798,42.45178,1.07955,37.4343373493976,34.0343373493976
0.8,42.44602,1.09271,37.3915662650602,34.0373493975904
0.802,42.46753,1.06276,37.3397590361446,34.0439759036145
0.804,42.47471,1.05646,37.2861445783133,34.0530120481928
0.806,42.47616,1.05182,37.2325301204819,34.0632530120482
0.808,42.44037,1.08935,37.1734939759036,34.0885542168675
0.81,42.48118,1.05611,37.1222891566265,34.094578313253
0.812,42.44566,1.08529,37.0740963855422,34.1
0.814,42.4794,1.05289,37.0560240963855,34.0963855421687
0.816,42.44374,1.08278,37.044578313253,34.0903614457831
0.818,42.48539,1.04942,37.0271084337349,34.0831325301205
0.82,42.44879,1.08607,36.9771084337349,34.0921686746988
0.822,42.44813,1.08795,36.9271084337349,34.0987951807229
0.824,42.47856,1.05585,36.8746987951807,34.1048192771084
0.826,42.45122,1.08164,36.8246987951807,34.1126506024096
0.828,42.44949,1.08896,36.7861445783132,34.1156626506024
0.83,42.48696,1.05065,36.760843373494,34.116265060241
0.832,42.44896,1.07554,36.7469879518072,34.1078313253012
0.834,42.4832,1.05569,36.733734939759,34.1018072289157
0.836,42.44942,1.08358,36.7186746987952,34.0981927710843
0.838,42.44022,1.08838,36.6710843373494,34.1036144578313
0.84,42.49259,1.0554,36.6198795180723,34.110843373494
0.842,42.43963,1.08655,36.5692771084337,34.1210843373494
0.844,42.44402,1.07828,36.5120481927711,34.1475903614458
0.846,42.48986,1.05012,36.4626506024096,34.1524096385542
0.848,42.43924,1.08427,36.4228915662651,34.1542168674699
0.85,42.44037,1.07999,36.4006024096386,34.1536144578313
0.852,42.49405,1.05415,36.3873493975904,34.1475903614458
0.854,42.43694,1.09002,36.3759036144578,34.139156626506
0.856,42.43765,1.0837,36.3638554216867,34.1301204819277
0.858,42.44428,1.07988,36.321686746988,34.1240963855422
0.86,42.49282,1.05432,36.2674698795181,34.1349397590361
0.862,42.44446,1.08523,36.2132530120482,34.1542168674699
0.864,42.44734,1.08348,36.1692771084337,34.1602409638554
0.866,42.44833,1.0806,36.1536144578313,34.155421686747
0.868,42.4522,1.07695,36.1433734939759,34.1506024096386
0.87,42.45627,1.0724,36.1319277108434,34.1421686746988
0.872,42.45916,1.07476,36.1168674698795,34.1379518072289
0.874,42.51111,1.09035,36.0740963855422,34.1439759036145
0.876,42.52633,1.0732,36.0234939759036,34.1518072289157
0.878,42.52703,1.06994,35.9740963855422,34.1590361445783
0.88,42.53947,1.06773,35.933734939759,34.1626506024096
0.882,42.5397,1.06479,35.9186746987952,34.1602409638554
0.884,42.51179,1.0784,35.9078313253012,34.155421686747
0.886,42.51035,1.07586,35.8987951807229,34.15
0.888,42.54828,1.06689,35.889156626506,34.1439759036145
0.89,42.51419,1.06896,35.878313253012,34.139156626506
0.892,42.50893,1.07821,35.8343373493976,34.1469879518072
0.894,42.50632,1.07757,35.7849397590361,34.1548192771084
0.896,42.54902,1.06878,35.739156626506,34.1626506024096
0.898,42.5479,1.06917,35.7295180722892,34.1584337349398
0.9,42.54797,1.07349,35.7228915662651,34.1542168674699
0.902,42.54905,1.07095,35.7156626506024,34.1487951807229
0.904,42.54787,1.07194,35.705421686747,34.1451807228916
0.906,42.55815,1.06551,35.6975903614458,34.1415662650602
0.908,42.5265,1.0533,35.6542168674699,34.1481927710843
0.91,42.53191,1.04658,35.6072289156627,34.1566265060241
0.912,42.53721,1.03817,35.566265060241,34.1626506024096
0.914,42.54452,1.01827,35.5566265060241,34.1614457831325
0.916,42.54991,1.01821,35.5481927710843,34.1578313253012
0.918,42.54861,1.01717,35.5421686746988,34.1542168674699
0.92,42.54631,1.01223,35.5361445783132,34.15
0.922,42.55733,1.00576,35.5295180722892,34.1451807228916
0.924,42.52364,1.00613,35.5228915662651,34.1403614457831
0.926,42.52478,1.00238,35.5144578313253,34.1367469879518
0.928,42.52339,0.99535,35.4728915662651,34.1463855421687
0.93,42.5377,0.9705,35.428313253012,34.1566265060241
0.932,42.55955,0.95017,35.3921686746988,34.160843373494
0.934,42.56018,0.95438,35.3801204819277,34.1614457831325
0.936,42.55612,0.98841,35.3728915662651,34.1584337349398
0.938,42.57757,0.97707,35.3674698795181,34.1560240963855
0.94,42.58044,0.96103,35.3632530120482,34.1524096385542
0.942,42.58818,0.96625,35.3596385542169,34.1487951807229
0.944,42.58434,0.97546,35.355421686747,34.1463855421687
0.946,42.59166,0.95504,35.3506024096386,34.1433734939759
0.948,42.58997,0.94901,35.3457831325301,34.139156626506
0.95,42.60597,0.94265,35.3415662650602,34.1361445783132
0.952,42.55363,0.96984,35.3325301204819,34.1355421686747
0.954,42.58975,0.9476,35.294578313253,34.144578313253
0.956,42.55902,0.95562,35.2506024096385,34.1560240963855
0.958,42.60043,0.94448,35.2271084337349,34.1578313253012
0.96,42.55653,0.96223,35.2150602409639,34.1584337349398
0.962,42.61069,0.93575,35.2072289156627,34.1602409638554
0.964,42.55365,0.96652,35.2012048192771,34.1584337349398
0.966,42.59582,0.94581,35.1957831325301,34.1572289156626
0.968,42.55836,0.96148,35.1915662650602,34.155421686747
0.97,42.55766,0.96115,35.1873493975904,34.1536144578313
0.972,42.60607,0.93541,35.1843373493976,34.1518072289157
0.974,42.55538,0.96868,35.1813253012048,34.1487951807229
0.976,42.55453,0.96495,35.1789156626506,34.1475903614458
0.978,42.60865,0.93887,35.1759036144578,34.1457831325301
0.98,42.55196,0.97,35.1728915662651,34.144578313253
0.982,42.5934,0.94665,35.1704819277108,34.1421686746988
0.984,42.60244,0.94191,35.1680722891566,34.1403614457831
0.986,42.55552,0.96124,35.1644578313253,34.1397590361446
0.988,42.55668,0.96318,35.1620481927711,34.1379518072289
0.99,42.55035,0.92104,35.1614457831325,34.1349397590361
0.992,42.55877,0.91171,35.1572289156626,34.1349397590361
0.994,42.55605,0.95889,35.1518072289157,34.133734939759
0.996,42.56067,0.96573,35.1144578313253,34.1457831325301
0.998,42.60388,0.94055,35.071686746988,34.1578313253012
